,rotten_tomatoes_link,critic_name,top_critic,publisher_name,review_type,review_score,review_date,review_content
0,m/zootopia,Emma Simmonds,False,The List,Fresh,8.0,2016-02-17,"The be-true-to-yourself and don't-judge-others messages are nicely worked in: while it's robustly right-on, including being cheerfully feminist, it never feels preachy."
1,m/zootopia,Peter Turner,False,Starburst,Fresh,6.0,2016-02-18,"A wild ride with some noir-ish undertones, Zootropolis packs in plenty to keep the whole family entertained."
2,m/zootopia,Jonathan Sánchez,False,Time Out México,Fresh,8.0,2016-02-19,Zootopia has all the elements to become a classic for fans of the House of Mouse. [Full review in Spanish]
3,m/zootopia,Jonathan Sánchez,False,Cinema Movil,Fresh,8.0,2016-02-19,"This is probably one of the best films Disney has ever created, it delivers on everything you'd expect from it and more. [Full review in Spanish]"
4,m/zootopia,Scott Mendelson,False,Forbes,Fresh,9.0,2016-02-19,"It's funny, it's clever, it's exciting and suspenseful, and it operates as one of the more potent ""social issues"" pictures that we've seen from a major studio (even during the Oscar season) in quite some time."
5,m/zootopia,Uriel Barco,False,Garuyo,Fresh,8.5,2016-02-22,A solid job with its own message that can be enjoyed from different views. [Full review in Spanish]
6,m/zootopia,Carolina Ruiz,False,En Filme,Fresh,7.0,2016-02-22,"Zootopia makes a statement about how we should not judge people by race, genre or looks. [Full review in Spanish]"
7,m/zootopia,Dirk Libbey,False,CinemaBlend,Fresh,10.0,2016-02-23,Zootopia isn't simply another fun Disney animated movie. It's one of the greatest Disney animated movies the company has ever produced.
8,m/zootopia,Roger Moore,False,Movie Nation,Fresh,7.5,2016-02-25,"Smart, but better at delivering a message of tolerance than laughs."
9,m/zootopia,Dave Calhoun,True,Time Out,Fresh,8.0,2016-02-26,The world that Zootropolis creates is intelligent and fascinatingly detailed -- it feels more like a movie by Disney-owned Pixar than a straight Disney film.
10,m/zootopia,Chris Nashawaty,True,Entertainment Weekly,Fresh,7.0,2016-02-29,Zootopia's message of tolerance is a noble one. But it's loopy moments ... that give this modest film its magic.
11,m/zootopia,Christopher Campbell,False,Film School Rejects,Fresh,8.0,2016-02-29,"""A very clever movie with the sort of meticulous world building that's ripe for the spawning of inventive humor."""
12,m/zootopia,Michael Jaconelli,False,The Skinny,Fresh,8.0,2016-02-29,A neo-noir buddy cop comedy that will likely entertain children and adults alike thanks to a steady stream of gags and vibrant visuals.
13,m/zootopia,Israel Acosta Aroche,False,Konexión,Fresh,8.5,2016-03-01,A film with lots of strong ideas that are much needed in times where xenofobia is still a thing. [Full review in Spanish]
14,m/zootopia,Tony Hicks,True,San Jose Mercury News,Fresh,7.5,2016-03-01,"""Zootopia"" dishes its messages the best way possible: colorfully, cleverly, warmly and with humor, all packaged in a strong storyline. It's not among the animated greats, but close enough to certainly be worth a couple hours of a parent's time."
15,m/zootopia,Matt Prigge,False,Metro,Fresh,6.0,2016-03-01,"A big, sometimes messy, sometimes insightful exploration of bigotry, using animals to preach for a more evolved understanding of each other's innate differences."
16,m/zootopia,Peter Canavese,False,Groucho Reviews,Fresh,7.5,2016-03-01,"If Zootopia only reluctantly comes around to its crime-solving story, that's understandable: the good stuff resides in the characterizations and the morality play around them, decrying fear of the other."
17,m/zootopia,Josh Slater-Williams,False,The Film Stage,Fresh,7.0,2016-03-01,"Zootopia proves a successful amalgamation of disparate influences, much like its eponymous city."
18,m/zootopia,Brian Orndorf,False,Blu-ray.com,Fresh,6.0,2016-03-02,"A mixed bag when it comes to entertainment value, but for the first time in a long time, Disney's attempting a high wire act with tone and content, making the feature intriguing but not always triumphant."
19,m/zootopia,Dann Gire,False,Chicago Daily Herald,Fresh,10.0,2016-03-02,"This wild and comic political twist on ""Animal Farm"" works for both kids and adults as a reaffirmation of equal justice and opportunity while rejecting racial and gender stereotyping."
20,m/zootopia,Rick Bentley,False,Fresno Bee,Fresh,7.5,2016-03-02,"When the new animated movie focuses on the critters, it's a funny trip through the animal kingdom. What slows the ark (oops, make that arc) of the film is a crime story that's in need of a few more monkeyshines."
21,m/zootopia,Richard Roeper,True,Chicago Sun-Times,Fresh,10.0,2016-03-02,"Zootopia is one of my favorite animated movies. Not one of my favorite animated movies of the last year or two, or of the last decade, or in recent memory. It's one of my favorite animated movies, period."
22,m/zootopia,Emily VanDerWerff,False,Vox,Fresh,9.0,2016-03-02,"It's goofy and joyful. It has an actual message that it's not shy about expressing directly, one that's filled with depth beyond ""be nice to each other."" And its screenplay is surprisingly clever on a structural level."
23,m/zootopia,Laura DeMarco,False,Cleveland Plain Dealer,Fresh,9.0,2016-03-02,"Yes, the adorable factor is pretty high. But so is the movie's IQ. Zootopia is a thought-provoking film about big ideas like tolerance and diversity and rising above your base animal nature."
24,m/zootopia,Travis Hopson,False,Examiner.com,Fresh,8.0,2016-03-02,"With ""Zootopia"" Disney has a new classic on their hands, one that combines memorable characters, gorgeous animation, social awareness, and a framework that can be built upon for years to come."
25,m/zootopia,Norman Wilner,False,NOW Toronto,Fresh,8.0,2016-03-02,"Zootopia is a lot of things at once, and all of them are pretty good."
26,m/zootopia,Steve Persall,False,Tampa Bay Times,Rotten,5.0,2016-03-02,"Good intentions don't always make for good movies. Case in point: Zootopia, a Disney film with more on its mind than animated fun and fuzzies. So much, in fact, that it loses track of what audiences expect, what they're being sold."
27,m/zootopia,Mick LaSalle,True,San Francisco Chronicle,Fresh,7.5,2016-03-02,Each bustling frame is packed with so much repeated-viewings-rewarded imagery that the screen must be sampled rather than taken in as a whole.
28,m/zootopia,Rafer Guzman,True,Newsday,Fresh,7.5,2016-03-02,Entertaining and thought-provoking.
29,m/zootopia,Edward Johnson-Ott,False,NUVO Newsweekly,Fresh,8.0,2016-03-02,"Zootopia is stuffed with characters, situations, culture clashes and eye candy."
30,m/zootopia,Nell Minow,False,Movie Mom,Fresh,9.0,2016-03-02,Wonderfully imagined -- the animators have a lot of fun with the drastic scale and biome differences.
31,m/zootopia,Vincent Mancini,False,FilmDrunk,Fresh,10.0,2016-03-02,"If you were raised on Zoobooks and Far Side cartoons, ZOOTOPIA is one of the greatest animated movies ever."
32,m/zootopia,Jason Gorber,False,That Shelf,Fresh,10.0,2016-03-02,"With a deep, complex yet accessible storyline married to a visually sumptuous telling of an animal tale, the film is an absolute treat, feeling the equal of any classic Disney flick."
33,m/zootopia,Jesse Hassenger,True,AV Club,Fresh,7.0,2016-03-02,"By investigating the mechanics of long-held cartoon assumptions (both about the harmoniousness of some cartoon animals, and the characteristics of others), Disney is encouraging viewers young and old to see the world differently and more thoughtfully."
34,m/zootopia,Kenji Fujishima,False,Slant Magazine,Fresh,7.5,2016-03-02,"The film goes deeper in its allegorizing, tapping into the volatile nature of identity politics."
35,m/zootopia,Isaac Feldberg,False,We Got This Covered,Fresh,9.0,2016-03-02,"Bright-eyed and bushy-tailed as its long-eared lead while still brilliantly conscious of social issues, Zootopia represents Disney at its most visually resplendent and thematically ambitious."
36,m/zootopia,Dustin Putman,False,TheFilmFile.com,Fresh,8.75,2016-03-02,"Vividly mounted with a breadth of vision worth celebrating. Disney has hit a home run with ""Zootopia,"" a grand entertainment with an ingeniously developed, socially conscious message."
37,m/zootopia,Brian Truitt,True,USA Today,Fresh,7.5,2016-03-02,"Its earnest ""You can be anything!"" message is heavy-handedly clear, though Zootopia works best as a funny romp that ingeniously imagines a landscape where hamsters can be businessmen and polar bears are the coolest bodyguards around."
38,m/zootopia,Eric Goldman,False,IGN Movies,Fresh,9.0,2016-03-02,"Zootopia is a wonderful example of how Disney, at its best, can mix its past and present together in a very cool, compelling way."
39,m/zootopia,Katherine Pushkar,True,New York Daily News,Fresh,8.0,2016-03-02,"Right there with the likes of ""Up"" and ""Inside Out,"" ""Zootopia"" is so well done I forgot it was animated."
40,m/zootopia,Kirk Honeycutt,False,honeycuttshollywood.com,Fresh,8.0,2016-03-03,Donald Trump would scream 'loser' were he to see Disney's 'Zootopia.'
41,m/zootopia,Eric D. Snider,False,EricDSnider.com,Fresh,8.0,2016-03-03,"Kids will undoubtedly enjoy it, but this one seems meant more for adults who can appreciate its ingeniously fabricated world and its big-hearted ideals."
42,m/zootopia,Avi Offer,False,NYC Movie Guru,Fresh,9.56,2016-03-03,"A winning combination of comedy, drama, suspense and thrills that will delight kids and adults alike. It's a potent reminder that we're in a Golden Age of Animation."
43,m/zootopia,Julian Roman,False,MovieWeb,Fresh,9.0,2016-03-03,"Disney's 'Zootopia' is wildly adventurous and knockdown funny, arguably the best film of 2016 so far."
44,m/zootopia,Nicole Villalpando,False,Austin American-Statesman,Fresh,6.0,2016-03-03,"[Zootopia is] incredibly entertaining in the beginning as we see how different animals live in different parts of Zootopia that feel very human, indeed... It's the dark middle part that is hard to reconcile in a Disney movie."
45,m/zootopia,Andy Crump,False,Paste Magazine,Fresh,8.2,2016-03-03,"Simple though its politics may be, the film is effective -- and coming from a mainstream studio, it is even just daring enough to make a difference."
46,m/zootopia,Daniel M. Kimmel,False,North Shore Movies,Fresh,10.0,2016-03-03,"Everything you could want in an animated film: creative visuals, solid script, engaging characters."
47,m/zootopia,Tom Russo,True,Boston Globe,Fresh,6.25,2016-03-03,"An agreeable hodgepodge, at least, one that aims to be not just a breezy mystery, but also a race-and-ethnicity fable."
48,m/zootopia,Jason McKiernan,False,Film Racket,Fresh,7.0,2016-03-03,"fascinating to witness, a film unafraid to venture into polarizing thematic terrain and uncharacteristically blend genres in order to reach that destination"
49,m/zootopia,Matt Goldberg,False,Collider,Fresh,10.0,2016-03-03,It's got a catchy pop song and a nice message about working to achieve your dreams. But because the directors pushed further- in showing how prejudice seeps into our daily lives-they've made Zootopia a destination you absolutely must visit.
50,m/zootopia,Steven Rea,True,Philadelphia Inquirer,Fresh,7.5,2016-03-03,"Apart from its anthropomorphic, allegorical angle, Zootopia is also a tale of female empowerment and a classic noir, too."
51,m/zootopia,Loey Lockerby,False,Kansas City Star,Fresh,6.25,2016-03-03,"Disney's latest is clever and endearing, but it's the animated equivalent of a pro-diversity pep rally."
52,m/zootopia,Peter Howell,True,Toronto Star,Fresh,8.75,2016-03-03,"Ginnifer Goodwin and Jason Bateman lead an aces voice cast, playing good-cop bunny Judy Hopps and con-artist fox Nick Wilde, who must find common turf to solve a crime wave in the title metropolis. Call it fur noir."
53,m/zootopia,Josh Bell,False,Las Vegas Weekly,Fresh,7.0,2016-03-03,"A winning, gorgeously animated story about anthropomorphic animals living in relative harmony in a bustling metropolis."
54,m/zootopia,Alan Cerny,False,ComingSoon.net,Fresh,7.0,2016-03-03,"Disney's Zootopia is sweet and addresses social issues with sensitivity. Sometimes it can't quite reach its lofty goals, but it's still wildly entertaining."
55,m/zootopia,Chris Knight,False,National Post,Fresh,8.75,2016-03-03,An indication of what good animation can do in the service of a decent story.
56,m/zootopia,Reagan Gavin Rasquinha,False,The Times of India,Fresh,8.0,2016-03-03,This one's both intelligent and endearing.
57,m/zootopia,Bruce Kirkland,True,Toronto Sun,Fresh,9.0,2016-03-03,The result is a slam-dunk candidate for best animated feature in next year's Oscars. But the pleasure now comes in appreciating the sumptuous artistry.
58,m/zootopia,Frank Swietek,False,One Guy's Opinion,Fresh,8.0,2016-03-03,"A clever piece of family entertainment that wittily uses whodunit convention to deliver messages about tolerance, self-confidence and friendship in eye-catching fashion."
59,m/zootopia,Dominick Suzanne-Mayer,False,Consequence of Sound,Fresh,7.0,2016-03-03,"Zootopia might not be the best of Disney's recent in-house movies, but it's easily the most political film the Mouse House has turned out in a good while."
60,m/zootopia,James Mottram,False,The National (UAE),Fresh,8.0,2016-03-03,"Zootropolis is a colourful, creative and charming film, full of wit and invention."
61,m/zootopia,Britton Peele,True,Dallas Morning News,Fresh,9.0,2016-03-03,"It strikes a near perfect balance between fun family comedy and message film, never feeling like it's too much of either."
62,m/zootopia,Sarah Bryan Miller,True,St. Louis Post-Dispatch,Fresh,8.75,2016-03-03,"It's smart entertainment that deals effectively with issues of diversity and sexism, while staying light and never preachy."
63,m/zootopia,Marc Savlov,False,Austin Chronicle,Fresh,7.0,2016-03-03,"Easily one of Disney's more imaginative and detail-oriented CGI offerings in a while, Zootopia uses the classic tropes of anthropomorphized animals and comic references to pop-culture touchstones to slyly puzzle out what it means to be ""civilized."""
64,m/zootopia,Jen Chaney,True,Washington Post,Fresh,8.75,2016-03-03,"The best animated film of the year, as well as one that conveys a message rarely heard in movies for children: Getting exactly what you hoped for isn't the end of the journey."
65,m/zootopia,David Medsker,False,Bullz-Eye.com,Fresh,7.0,2016-03-03,Zootopia is an on-point commentary about prejudice and racism... [and] it explains these subjects to children better than most parents ever could.
66,m/zootopia,Jordan Hoffman,True,Guardian,Fresh,6.0,2016-03-03,An anthropomorphized hippopotamus in a business suit will always be welcome.
67,m/zootopia,Barbara VanDenburgh,True,Arizona Republic,Fresh,8.0,2016-03-03,"It may lack the bold, pioneering spirit of Disney and Pixar's best animated features, but it still clears some pretty high bars into the human heart."
68,m/zootopia,Peter Travers,True,Rolling Stone,Fresh,8.75,2016-03-03,"This animated crime caper comes ready to party hard, but also takes a deep dive when necessary, especially when certain species are treated as threats and cause public panic. Listen up, Mr. Trump."
69,m/zootopia,Maricar Estrella,True,Fort Worth Star-Telegram/DFW.com,Fresh,8.0,2016-03-03,"On the surface, Zootopia is a witty, wondrous buddy-cop film... At a deeper level, the film allows parents to bring tough topics to the dining-room table, topics such as bullying, stereotyping and inclusiveness."
70,m/zootopia,Soren Andersen,True,Seattle Times,Fresh,10.0,2016-03-03,"Combining a surprisingly sophisticated conspiracy subplot ... with unexpected plot twists, insightful character studies, energetic pacing and even a very funny riff on ""The Godfather,"" ""Zootopia"" has plenty to appeal to both kids and adults."
71,m/zootopia,Jeffrey K. Howard,False,Movie Guys with Jeff & Dave,Fresh,10.0,2016-03-04,One of Disney's best animated films ever! Fun for adults and kids alike.
72,m/zootopia,Mike McGranaghan,False,Aisle Seat,Fresh,10.0,2016-03-04,Zootopia is to 2016 what Inside Out was to 2015 - a next-level animated feature that gives kids something of substance while simultaneously showing them a really good time.
73,m/zootopia,Robert Horton,False,"HeraldNet (Everett, WA)",Fresh,7.5,2016-03-04,"The comic high point is a scene at the DMV where sloths work behind the counter and talk. Very. Very. Very. Slowly. If the movie is overlong because of that one hilarious scene, it was worth it."
74,m/zootopia,Randall King,False,Winnipeg Free Press,Fresh,8.0,2016-03-04,"Unlike a certain Pixar property having to do with automobiles, this one warrants a sequel."
75,m/zootopia,Josh Terry,False,Deseret News (Salt Lake City),Fresh,8.75,2016-03-04,"A rich blend of story, message and entertainment."
76,m/zootopia,Scott Renshaw,False,Salt Lake City Weekly,Rotten,6.25,2016-03-04,It's confusing when it starts to feel that Zootopia is working against its own message to get easy laughs.
77,m/zootopia,Ben Kendrick,False,Screen Rant,Fresh,8.0,2016-03-04,Zootopia is filled with lovable characters and a heartfelt message for kids - along with a layered subtext for adults that is both timely and moving.
78,m/zootopia,Matt Zoller Seitz,True,RogerEbert.com,Fresh,7.5,2016-03-04,"A funny, beautifully designed kids' film with a message that it restates at every turn."
79,m/zootopia,Latoya Newman,False,Independent Online (South Africa),Fresh,6.0,2016-03-04,"The script is highly entertaining - funny enough to keep the young ones entertained, but witty enough to keep adults hooked and LOL-ing through most of the movie."
80,m/zootopia,Roger Tennis,False,Cinemaclips.com,Fresh,8.0,2016-03-04,The cagey and delightful 'Zootopia' is creature comfort in every way.
81,m/zootopia,Katie Walsh,True,Tribune News Service,Fresh,7.5,2016-03-04,"Somehow, Disney has managed to pull off a hard-boiled police procedural thriller about political corruption starring an adorable, large-eyed bunny. As strange as this combination might seem, it works. Who knew bunnies could make such intrepid rookie cops?"
82,m/zootopia,Matthew Lickona,True,San Diego Reader,Fresh,4.0,2016-03-04,A buddy-cop comedy crossed with a political thriller and mashed up against a social drama. It's a credit to Disney's collaborative process that the whole thing manages to hold together as well as it does.
83,m/zootopia,Jeffrey M. Anderson,False,San Francisco Examiner,Fresh,7.5,2016-03-04,"The computer-generated creatures have smooth and cheerful lines, like old-style ""stretch-and-squash"" animation. The movie is wonderfully fluid and graceful."
84,m/zootopia,Gary Wolcott,False,Tri-City Herald,Fresh,9.0,2016-03-04,The motor vehicles department scene alone is worth the price of a ticket. I'm still laughing.
85,m/zootopia,Neil Pond,False,Parade Magazine,Fresh,8.0,2016-03-04,Shows just how far the House of Mouse has evolved from dreamy prince-and-princess fairy tales of decades past.
86,m/zootopia,Mark Dujsik,False,Mark Reviews Movies,Fresh,8.75,2016-03-04,[I]t's dealing head-on -- in that subversively indirect way that these animal-based tales do -- with issues that aren't so easily defined and are far more difficult to resolve.
87,m/zootopia,Mathew DeKinder,False,Suburban Journals of St. Louis,Fresh,9.0,2016-03-04,"""Zootopia"" is a wolf in sheep's clothing, a movie packed with talking animals that dares to be something more by offering up a bold little slice of social commentary."
88,m/zootopia,Sandie Angulo Chen,False,Common Sense Media,Fresh,8.0,2016-03-04,"Charming buddy-animal story promotes tolerance, teamwork."
89,m/zootopia,Violet LeVoit,False,AllMovie,Fresh,8.0,2016-03-04,"Even though Zootopia remains whimsical family entertainment and never turns into a polemic, at its core it has more in common with Animal Farm . . . than it does with other classic anthropomorphized Disney fare . . ."
90,m/zootopia,Rob Thomas,False,"Capital Times (Madison, WI)",Fresh,8.75,2016-03-04,It's a candy-coated film that doesn't sugar-coat the complexities of race relations.
91,m/zootopia,Christian Toto,False,HollywoodInToto.com,Fresh,8.75,2016-03-04,Lions and tigers and preconceived notions about others based on their outward appearances ... oh my!
92,m/zootopia,Stephen Whitty,True,Newark Star-Ledger,Fresh,7.5,2016-03-04,"""Zootopia"" does have some important things to say about not judging people by what they look like, or what part of the world they come from. Kids will probably nod and embrace that as sensible advice. Now if we could only get some adults to listen, too."
93,m/zootopia,Kate Taylor,True,Globe and Mail,Rotten,5.0,2016-03-04,"Leaving aside amusing jokes about the wolves trying desperately to contain a group howl or sloths working as bureaucrats, animal behaviour is a troubling metaphor for cultural diversity."
94,m/zootopia,David Nusair,False,Reel Film Reviews,Fresh,6.25,2016-03-04,...a decidedly middle-of-the-road Disney effort...
95,m/zootopia,Adam Graham,True,Detroit News,Fresh,8.0,2016-03-04,"""Zootopia"" is a delight: It's cute and clever, smart and sophisticated, with plenty to offer children and adults."
96,m/zootopia,Al Alexander,False,The Patriot Ledger,Fresh,10.0,2016-03-05,"It should serve as a terrific inspiration for little girls to dream big and aspire high. But the larger message ""Zootopia"" is sending is one of tolerance and understanding."
97,m/zootopia,Rob Vaux,False,Sci-Fi Movie Page,Fresh,10.0,2016-03-05,"Zootopia is a great animated film, but it might be something much more: a clarion call for sanity and understanding arriving just when we need it the most."
98,m/zootopia,James Berardinelli,True,ReelViews,Fresh,7.5,2016-03-06,There's a lot here for kids to like and nearly as much to keep parents from fidgeting.
99,m/zootopia,Charles Koplinski,False,Illinois Times,Fresh,8.75,2016-03-06,"Timely message buoys charming, clever ""Zootopia."""
100,m/zootopia,Allyson Johnson,False,The Young Folks,Fresh,9.0,2016-03-06,"From the enormity of the world building, the slick animation, the enthusiastic voice work done by a sprawling cast and a script that's intelligent and warm, Zootopia is already shaping up to be a highlight of the 2016 cinematic year."
101,m/zootopia,Laura Clifford,False,Reeling Reviews,Fresh,7.0,2016-03-06,"What an unexpected surprise, a Disney animation with Orwellian anthropomorphic political allegory and a film noir backdrop not seen since Roger Rabbit was framed."
102,m/zootopia,Stephen Silver,False,EntertainmentTell,Fresh,9.0,2016-03-07,"Exciting visuals, good characters, lots of laughs and even a timely allegory about American race relations. (Splice Today)"
103,m/zootopia,Susan Granger,False,SSG Syndicate,Fresh,10.0,2016-03-07,"The Mouse House may win the gold for Best Animated Feature in 2017 for this intrepid, action-packed comedy/police procedural parable."
104,m/zootopia,Frederic and Mary Ann Brussat,False,Spirituality & Practice,Fresh,6.0,2016-03-08,A spunky 3-D animated film about a bunny whose life is energized by big dreams and rock-solid optimism.
105,m/zootopia,John Hanlon,False,John Hanlon Reviews,Fresh,8.75,2016-03-09,"Reminiscent of ""Toy Story"" in its ability to create a wonderfully colorful world of its own, ""Zootopia"" is a fun film with undeniably important themes about diversity, inclusion and self-worth."
106,m/zootopia,Lou Lumenick,True,New York Post,Fresh,10.0,2016-03-10,Zootopia excels on so many levels that it stands with the finest of the Disney classics.
107,m/zootopia,Matt Patches,False,Thrillist,Fresh,7.199999999999999,2016-03-11,Impressionable kids and adults who swear they're progressive will both take something away from Zootopia.
108,m/zootopia,Ken Hanke,False,"Mountain Xpress (Asheville, NC)",Fresh,9.0,2016-03-13,"Gorgeous to look at, clever, funny and with a solid and atmospheric mystery at its core. But there's more here in the film's timely and relevant thematic content."
109,m/zootopia,Philippa Hawker,True,The Age (Australia),Fresh,7.0,2016-03-16,"The tale of a plucky rabbit and a sly fox, it's also a meditation on human nature, civil society and the politics of stereotyping. And it has great sloth jokes."
110,m/zootopia,Craig Mathieson,False,The Sunday Age,Fresh,8.0,2016-03-16,"In this zippy and entertaining children's animation that comes with an unusually thoughtful commentary on inclusion and discrimination, the animals don't just come out in the city at night, they literally run it during the day."
111,m/zootopia,Liam Maguren,False,Flicks.co.nz,Fresh,8.0,2016-03-17,Threatens to blow away Shane Black's The Nice Guys for Best Buddy-Cop Film of 2016.
112,m/zootopia,Donald Clarke,False,Irish Times,Fresh,8.0,2016-03-17,"Zootropolis has a plot you can really, ahem, sink teeth into."
113,m/zootopia,Michael Smith,False,Tulsa World,Fresh,8.75,2016-03-17,Wildly entertaining.
114,m/zootopia,Matt Neal,False,ABC Radio (Australia),Fresh,9.0,2016-03-17,"A surprisingly sharp examination of racial profiling, prejudice, equality and stereotyping, and how often can you say that about a kids movie?"
115,m/zootopia,Tim Martain,False,The Mercury (Australia),Fresh,10.0,2016-03-18,"Much like George Orwell used animals as an allegory for communism and social inequality, Disney has used Zootopia to deliver a story about prejudice and intolerance."
116,m/zootopia,Leigh Paatsch,False,Herald Sun (Australia),Fresh,8.0,2016-03-18,"A lively and universally accessible story is set in an idealised, human-free future where animals of all species have learned to live as one."
117,m/zootopia,Matthew Toomey,False,ABC Radio Brisbane,Fresh,9.0,2016-03-19,"Stepping back from the movie's key themes, the creative team behind the project deserve praise for crafting a fun, complex world."
118,m/zootopia,Jean Lowerison,False,ReviewExpress.com,Fresh,10.0,2016-03-20,It's a delight. Don't miss it.
119,m/zootopia,Pablo Villaça,False,Cinema em Cena,Fresh,8.0,2016-03-21,"The film gracefully deals with the contradiction between what we feel, who we are and what we let other people see. [Full review in Portuguese.]"
120,m/zootopia,Paul Whitington,False,Irish Independent,Fresh,6.0,2016-03-21,"Zootropolis takes the form of a jovial noir thriller, is nicely voiced by the likes of Jason Bateman and Ginnifer Goodwin and should go down very well with the smaller viewer."
121,m/zootopia,Aine O'Connor,False,Sunday Independent (Ireland),Fresh,8.0,2016-03-21,Bright and mostly brilliant.
122,m/zootopia,Neil Smith,False,Total Film,Fresh,8.0,2016-03-21,"No instant Disney classic, but a fast and furry-ious caper with endless gags, a fizzy fox-bunny double act and Shakira as a singing gazelle."
123,m/zootopia,David 'Mad Dog' Bradley,False,Rip It Up,Fresh,6.0,2016-03-23,"This has enough light wit and gooey sentiment for Disney groupies, and yet it does leave many unanswered questions."
124,m/zootopia,Richard von Busack,False,MetroActive,Fresh,10.0,2016-03-23,"It acknowledges problems that no bumper-sticker can patch over, and yet it leaves room for an exploration of a seriously charming world."
125,m/zootopia,Martin Roberts,False,Fan The Fire,Fresh,8.0,2016-03-23,"The voice cast are all on enjoyable form, and the storyline, once it kicks into gear, is not simply a vehicle for the message of the film, but an enjoyable caper in its own right, full of motion and invention."
126,m/zootopia,Nigel Andrews,True,Financial Times,Fresh,8.0,2016-03-23,"Just relish the zingy jokes and in-jokes; a slow-burn dialogue scene with sloths that's an instant classic; the elastic character animation; and the pacy, racy disrespect for PC of all hues and flavours."
127,m/zootopia,Stefan Pape,False,HeyUGuys,Fresh,8.0,2016-03-23,"Directors Byron Howard and Rich Moore have crafted this environment in a meticulous fashion, with a striking attention to detail, painting a comprehensive picture of this universe we're inhabiting."
128,m/zootopia,Alex Zane,False,The Sun (UK),Fresh,8.0,2016-03-24,The voice cast is perfect - especially Bateman - and there are some cracking action scenes too. Superb family film.
129,m/zootopia,Tim Evans,False,Sky Cinema,Fresh,8.0,2016-03-24,An animated outing that propels Disney's historical success at anthropomorphisation to new heights.
130,m/zootopia,Wendy Ide,True,Guardian,Fresh,8.0,2016-03-24,The animation is first rate - fur is rendered so realistically that it could trigger an allergy at 50 paces - but it is the writing that elevates the picture.
131,m/zootopia,Kevin Maher,True,Times (UK),Fresh,8.0,2016-03-24,"There's a magical moment in every movie of quality, a reciprocal bond between screen and viewer, where your shoulders happily drop, you sink deeper into your seat and your soul secretly smiles because it knows that you are in the safest of hands."
132,m/zootopia,Amy West,False,International Business Times,Fresh,9.0,2016-03-24,It's easy to see why the studio is back at the top of its game and proves its still the master of producing films both children and adults will engage with.
133,m/zootopia,Rob Carnevale,False,Indie London,Fresh,8.0,2016-03-24,"For the young and innocent minded, there's plenty of knockabout fun and slapstick humour to enjoy, coupled with a timely message about tolerance and integration, while pop culture references abound for adults and film fans to savour."
134,m/zootopia,John Nugent,False,Empire Magazine,Fresh,8.0,2016-03-24,"The fictional universe it presents - a human-free world where mammals have evolved into a bustling, civilised society - is vividly realised, richly detailed and very funny."
135,m/zootopia,Robbie Collin,True,Daily Telegraph (UK),Fresh,8.0,2016-03-24,"One of the film's great strengths is the trust it puts in its young audience to decode its complex, nuanced message about the value of difference."
136,m/zootopia,Jason Best,False,Movie Talk,Fresh,8.0,2016-03-25,Cute and clever in equal measure.
137,m/zootopia,Walter Chaw,False,Film Freak Central,Fresh,7.5,2016-03-26,"The illness in our society comes from the artificial stratification, and defensive denial, of original difference."
138,m/zootopia,Alistair Harkness,False,Scotsman,Fresh,8.0,2016-03-27,"A pretty sophisticated meditation on race relations dressed up as a delightfully entertaining, gag-packed and inventively plotted police procedural."
139,m/zootopia,Charlotte O'Sullivan,True,London Evening Standard,Fresh,8.0,2016-03-27,The film feels like a riposte to Trump-ism. It also contains some of the best sloth-related humour you will ever see.
140,m/zootopia,David Edwards,False,Daily Mirror (UK),Fresh,8.0,2016-03-27,"Here's a great-looking, emotionally engaging and enormously entertaining movie guaranteed to delight kids and adults alike."
141,m/zootopia,Allan Hunter,False,Daily Express (UK),Fresh,8.0,2016-03-27,The latest Disney animated feature may not be a classic but it is full of bright ideas and funny one-liners.
142,m/zootopia,Henry Fitzherbert,False,Daily Express (UK),Fresh,10.0,2016-03-27,The friendship between predator and prey stands as a powerful rebuke to Donald Trump.
143,m/zootopia,Mark Kermode,False,Observer (UK),Fresh,8.0,2016-03-27,An encouragingly upbeat celebration of love and diversity in times of hate and uncertainty.
144,m/zootopia,Marija Djurovic,False,Cairo360,Fresh,7.0,2016-03-28,"Clever, funny and refreshingly bold, its message is endearing and engaging, without falling into sentimentality."
145,m/zootopia,Kevin A. Ranson,False,MovieCrypt.com,Fresh,10.0,2016-03-29,...manages an incredible balancing act having fun with their high concept while taking nothing away from the seriousness of their story. Prejudice 101 - for kids of all ages.
146,m/zootopia,Ali Gray,False,TheShiznit.co.uk,Fresh,10.0,2016-03-31,It is its own cinematic zooniverse.
147,m/zootopia,David Keyes,False,Cinemaphile.org,Fresh,7.5,2016-04-01,How refreshing it is to see an animated movie that takes the initiative to climb above the restrictions of its formula.
148,m/zootopia,Geoffrey Macnab,True,Independent (UK),Fresh,8.0,2016-04-01,The genius of the film lies in its combination of traditional Disney characters and situations with a very subversive storytelling style.
149,m/zootopia,Rich Cline,False,Contactmusic.com,Fresh,7.0,2016-04-01,"The filmmakers behind Tangled and Wreck-it Ralph join forces for this entertaining animated action comedy, which has clearly been planned as a franchise-launcher."
150,m/zootopia,Josh Larsen,False,LarsenOnFilm,Fresh,7.5,2016-04-02,Done with creativity and wit ... but still has the stridency of a lesson plan.
151,m/zootopia,Mahmoud Mahdy,False,FilmGamed,Fresh,9.0,2016-04-04,"Zootopia is the best Disney animated movie, either with Pixar or without it, since Toy Story 3 in 2010."
152,m/zootopia,Linda Cook,False,"Quad City Times (Davenport, IA)",Fresh,10.0,2016-04-05,"'Zootopia' is a brilliant, funny story about bias, empowerment and understanding. And oh, how it entertains while it tells the tale"
153,m/zootopia,Richard James Havis,False,South China Morning Post,Fresh,7.0,2016-04-05,"Although it would be stretching things to describe Zootopia as a metaphor for modern society, its underlying message of racial tolerance is a useful lesson for everyone."
154,m/zootopia,Robert Roten,False,Laramie Movie Scope,Fresh,10.0,2016-04-06,This is the best animated film I've seen since 'The Incredibles.'
155,m/zootopia,J. Olson,False,Cinemixtape,Rotten,5.0,2016-04-07,"If the film is superficially great, a plastered-over screenplay lurks just beneath, poking its ugly head out early and often."
156,m/zootopia,Francesca Rudkin,False,New Zealand Herald,Fresh,8.0,2016-04-07,"What's so clever about Zootopia is it takes the normal feel-good positive messages, this time about not judging people by their sex or race, and mixes it with something more mature, a vintage Los Angeles-like crime noir."
157,m/zootopia,John Beifuss,False,"Commercial Appeal (Memphis, TN)",Fresh,8.75,2016-04-11,"Believe it: Disney's latest digitally animated feature is a contra-Trumpian, race-conscious, political-conspiracy neo-noir in the guise of a funny talking-animal cartoon."
158,m/zootopia,John Serba,False,MLive.com,Fresh,6.25,2016-04-11,"""Zootopia"" is a vibrant and smart movie... at times, though, it feels more like commercial compromise than the distinctive art of superior animated works."
159,m/zootopia,Blake Howard,False,Graffiti With Punctuation,Fresh,8.0,2016-04-12,Zootopia remembers the power of George Orwell's Animal Farm and gives it a Disney digital system upgrade and brings it to the 21st Century.
160,m/zootopia,David Crow,False,Den of Geek,Fresh,8.0,2016-05-08,... a deceptively clever movie that has timely lessons for all generational demographics.
161,m/zootopia,Harry Guerin,False,RTÉ (Ireland),Fresh,7.0,2016-05-12,There's plenty of charm and a decent plot to keep things moving.
162,m/zootopia,Jim Schembri,False,3AW,Fresh,8.0,2016-05-14,The dazzling design of Zootopia offers a non-stop stream of invention and visual wit that perfectly enhances a surprisingly involving plot...A gleaming gem of a film.
163,m/zootopia,Boon Chan,False,The Straits Times (Singapore),Fresh,7.0,2016-05-25,"For all the animal antics on display here, the movie also gently broaches all-too-human issues of stereotyping, prejudice and racism. This is something worthwhile to chew over, even for younger audiences."
164,m/zootopia,Wesley Lovell,False,Cinema Sight,Fresh,10.0,2016-06-20,A perfect embodiment of the kind of fable Aesop used to tell.
165,m/zootopia,James Kendrick,False,Q Network Film Desk,Fresh,7.5,2016-06-20,a fast and funny fable about the need for tolerance and understanding in a world in which fear and prejudice are more convenient
166,m/zootopia,Tim Brayton,False,Antagony & Ecstasy,Fresh,7.0,2016-07-10,"It is much too willing to abandon boundless creativity to wallow in an endless succession of overfamiliar narrative constraints. But at the same time, it uses those constraints generally quite well."
167,m/zootopia,Ben Rawson-Jones,False,Digital Spy,Fresh,10.0,2016-07-11,Using the animal kingdom as a means to convey so much sense about our own contemporary world is a masterstroke which owes a debt to George Orwell.
168,m/zootopia,Roxana Hadadi,False,Chesapeake Family Magazine,Fresh,7.0,2016-08-02,"Zootopia pulls together various elements - a neo-noir mystery, a buddy-cop comedy, and timely social themes - into a mostly entertaining animated film."
169,m/zootopia,Sara Michelle Fetters,False,MovieFreak.com,Fresh,7.5,2016-08-15,It's a total hoot.
170,m/zootopia,Fico Cangiano,False,CineXpress,Fresh,8.0,2016-08-18,One of Disney's best movies in past years. [Full review in Spanish]
171,m/zootopia,Philip Martin,False,Arkansas Democrat-Gazette,Fresh,8.8,2016-08-26,"...an Animal Farm-type fable about racism and sexism -- a shrewd and timely critique of fear-based politics set in a remarkably detailed, endlessly fascinating alternate universe."
172,m/zootopia,Dan Lybarger,False,Arkansas Democrat-Gazette,Fresh,8.6,2016-11-14,The [DMV} sequence is so funny that it's oddly forgivable that the rest of Zootopia rarely matches up to that comic plateau.
173,m/zootopia,Christopher Schobert,False,Buffalo News,Rotten,6.25,2016-12-05,"In its attempt to please both children and adults equally, Zootopia is a failure."
174,m/zootopia,Nathaniel Rogers,False,The Film Experience,Fresh,7.0,2016-12-30,The detective story is actually engaging. It's simple enough to follow (for kids) but complicated enough to offer both genuine surprises and silly amusing detours.
175,m/zootopia,James Croot,False,Stuff.co.nz,Fresh,9.0,2016-12-30,Perfect school holiday entertainment for the whole family.
176,m/zootopia,Sarah Watt,False,Stuff.co.nz,Fresh,9.0,2016-12-30,"Much of Zootopia's charm results from its wonderful animation and captivating energy, but at heart it's the witty, insightful script around deeper socio-political issues which makes it truly satisfying for any grown-up who goes to see it."
177,m/zootopia,Sean P. Means,False,Salt Lake Tribune,Fresh,7.5,2016-12-30,A smart four-footed spin on the buddy-cop genre.
178,m/zootopia,Soumya Srivastava,False,Hindustan Times,Fresh,8.0,2016-12-30,Zootopia has great voice performances from Ginnifer Goodwin and Jason Bateman who suit their characters perfectly.
179,m/zootopia,Bill Gibron,False,PopMatters,Fresh,8.0,2016-12-30,"Zootopia is a blast to watch, a wonderful cartoon experience with an extra bit of gravitas for spice and flavor."
180,m/zootopia,Andy Lea,False,Daily Star (UK),Fresh,10.0,2016-12-30,The film's messages -- the importance of tolerance and following your dreams -- are pretty standard for a kiddie flick. But there's a political edge that is very unusual for a Disney movie.
181,m/zootopia,Jamie Neish,False,CineVue,Fresh,8.0,2016-12-30,An entertaining and endlessly inventive comedy and something with more insight than anyone could have anticipated.
182,m/zootopia,Melissa Starker,False,Columbus Alive,Fresh,7.5,2016-12-30,"[A] colorful, nicely crafted, perfectly voice-cast animated feature."
183,m/zootopia,Margot Harrison,False,Seven Days,Fresh,8.0,2017-01-01,"Zootopia is a bouncy, candy-colored animation, not an overt political allegory, yet it's an apt movie for this primary season."
184,m/zootopia,Brooke Corso,False,"The Monitor (McAllen, TX)",Fresh,7.0,2017-08-14,"From the first scene of ""Zootopia,"" Disney's latest animated film, the moral is made clear: to moralize is good, but to bust one's chops is better."
185,m/zootopia,tt stern-enzi,False,Cincinnati CityBeat,Fresh,9.0,2017-09-13,Zootopia appears posed to rule the roost with all members of the family as we sprint free of the Oscars.
186,m/zootopia,Matthew Bond,False,The Mail on Sunday (UK),Fresh,8.0,2017-10-24,"The animation is stunning, the screenplay as amusing as it is clever, and the voicework -- led by Ginnifer Goodwin, Horrible Bosses star Jason Bateman and our own Idris Elba -- is top-notch."
187,m/zootopia,Robert Kojder,False,Flickering Myth,Fresh,10.0,2017-12-04,"Someone needs to break into Donald Trump's home, kidnap him, sit him down in his own personal theater, clamp materials to his eyelids A Clockwork Orange style so they remain open, and play Zootopia on a loop until the themes and messages sink in"
188,m/zootopia,Eli Glasner,False,CBC News,Fresh,7.0,2018-03-21,"It's surprisingly sophisticated, finding new ways to get us to look past stereotypes."
189,m/zootopia,Deirdre Crimmins,False,Cinematic Essential,Rotten,6.0,2018-08-30,It just never fully settles into its own message or visual style.
190,m/zootopia,Daniel Barnes,False,Sacramento News & Review,Fresh,6.0,2018-10-22,"Pixar has set a high bar for films about anthropomorphized critters, inanimate objects, artificial intelligences and abstract concepts, too high for a harmless but only marginally clever time-filler like Zootopia to fully hurdle."
191,m/zootopia,Jennifer Heaton,False,Alternative Lens,Fresh,9.0,2018-11-01,"Of all the phrases I thought I'd use to describe Zootropolis, I never thought 'socially relevant' would be one of them."
192,m/zootopia,Colby Bryant,False,Geeks Under Grace,Fresh,9.5,2018-12-07,"Zootopia works masterfully on multiple levels: an enjoyable comedy, a competent detective story, and a reflection of our world with its various complicated problems."
193,m/zootopia,James Clay,False,Fresh Fiction,Fresh,9.0,2018-12-10,"ZOOTOPIA is not a glimmering beacon of light for activists around the world, but it sure is a nice little lesson for everybody to enjoy."
194,m/zootopia,Micheal Compton,False,Bowling Green Daily News,Fresh,9.0,2019-01-15,This is a world that I enjoyed visiting -- and wouldn't mind revisiting sometime in the future.
195,m/zootopia,Allen Adams,False,The Maine Edge,Fresh,10.0,2019-02-20,"Even without the complexity of its message, Zootopia would be a worthwhile addition to the Disney canon; the characters are great, the world is fascinating and the narrative is top-notch."
196,m/zootopia,Rachel Wagner,False,rachelsreviews.net,Fresh,10.0,2019-02-21,The world building is remarkable and full of surprises.
197,m/zootopia,Mae Abdulbaki,False,Movies with Mae,Fresh,9.0,2019-04-05,"""Zootopia"" includes all the elements of a well-rounded, memorable story that strikes a range of emotional chords. It has lovable characters, witty dialogue, creativity, a great soundtrack and significant themes that resonate with audiences."
198,m/zootopia,Ryan Syrek,False,"The Reader (Omaha, NE)",Fresh,7.0,2019-07-09,"A review eviscerating the film would make as much sense as one praising it, so it comes down to a coin-flip judgment call; let's go with the optimistic view that kids hear ""stereotypes and fear of others is bad"" and adults reinforce that message."
199,m/zootopia,Karl Delossantos,False,Smash Cut Reviews,Fresh,8.5,2019-08-08,Like the best animated movies it mixes social subtext with genuinely hilarious moments and interesting characters.
200,m/zootopia,Kate Rodger,False,Newshub (NZ),Fresh,10.0,2019-08-31,"Fresh, clever and squeal-level funny, Zootopia was just as brilliant on second viewing and no doubt will be for repeat ad nausea."
201,m/zootopia,Leslie Combemale,False,Cinema Siren,Fresh,10.0,2019-10-22,"There's so much to see, and so many little touches, that those who fall in love with it upon first viewing, and there will be many, will likely come back over and over."
202,m/zootopia,Sarah Knight Adamson,False,Sarah's Backstage Pass,Fresh,10.0,2020-01-23,Zootopia is one of Disney's best films to date and my favorite film of the year so far. It's family friendly and teaches kids so many great life lessons.
203,m/zootopia,Yasser Medina,False,Cinemaficionados,Fresh,7.0,2020-06-26,"As entertainment it is a very funny animated film with the fable of Judy, the new heroine of Disney. [Full review in Spanish]"
204,m/zootopia,Brent McKnight,False,The Last Thing I See,Fresh,10.0,2020-07-03,"Zootopia is a spectacular achievement on every level. It's a big, bold adventure in a remarkably rendered universe steeped in popular culture, a touching story of unlikely friendship, and a sharp critique of modern society."
205,m/zootopia,Allen Almachar,False,The MacGuffin,Fresh,7.0,2020-07-13,"It's colorful, fun, and has a good message. Will I remember it tomorrow? Probably not, but that doesn't mean I didn't like it today."
206,m/zootopia,Danielle Solzman,False,Solzy at the Movies,Fresh,10.0,2020-09-24,Zootopia is the rare animated Disney film that feels like it was made for adults almost as much as children.
